user_id,name,age,gender,city,registration_date
U0001,Vihaan Sharma,35,Other,Jaipur,9/8/2022
U0002,Sai Reddy,30,Other,Hyderabad,11/24/2023
U0003,Aarohi Gupta,37,Other,Indore,2/2/2022
U0004,Aarav Gupta,44,Male,Kolkata,6/2/2023
U0005,Sara Sharma,30,Other,Chennai,1/4/2024
U0006,Aarohi Mukherjee,30,Male,Thane,8/27/2023
U0007,Ishaan Sharma,44,Male,Indore,12/15/2022
U0008,Ishaan Reddy,38,Male,Lucknow,4/15/2022
U0009,Aditya Bose,28,Male,Kanpur,5/17/2024
U0010,Diya Kulkarni,36,Female,Delhi,1/18/2024
U0011,Myra Kapoor,28,Male,Nagpur,3/22/2022
U0012,Aarohi Singh,28,Other,Ghaziabad,6/25/2024
U0013,Diya Chopra,33,Male,Bengaluru,2/16/2022
U0014,Sai Singh,18,Male,Kolkata,6/6/2024
U0015,Vihaan Bose,18,Female,Thane,10/13/2023
U0016,Diya Iyer,27,Female,Kanpur,8/3/2022
U0017,Ishaan Gupta,23,Other,Pune,7/1/2023
U0018,Sai Iyer,34,Female,Nagpur,10/4/2022
U0019,Aarohi Ghosh,24,Other,Lucknow,5/13/2024
U0020,Vivaan Ghosh,20,Male,Lucknow,2/15/2023
U0021,Ishaan Gupta,43,Male,Patna,6/16/2024
U0022,Anaya Das,30,Other,Bhopal,2/10/2023
U0023,Myra Reddy,32,Female,Ahmedabad,9/10/2022
U0024,Aarohi Kapoor,20,Female,Patna,3/15/2023
U0025,Saanvi Bose,27,Female,Kolkata,5/22/2022
U0026,Ira Joshi,32,Male,Delhi,5/31/2024
U0027,Vihaan Reddy,22,Other,Pune,3/22/2024
U0028,Kiara Kulkarni,35,Male,Nagpur,1/26/2023
U0029,Sara Roy,27,Other,Jaipur,9/21/2024
U0030,Aarohi Sharma,29,Other,Hyderabad,11/30/2023
U0031,Aarohi Khan,27,Other,Lucknow,4/25/2022
U0032,Kabir Mukherjee,46,Male,Thane,1/4/2022
U0033,Ishaan Amin,31,Male,Visakhapatnam,7/23/2024
U0034,Vihaan Singh,23,Other,Visakhapatnam,9/16/2023
U0035,Muhammad Reddy,38,Female,Pune,7/7/2023
U0036,Ira Sharma,22,Other,Lucknow,5/16/2023
U0037,Aarav Patel,33,Female,Surat,9/3/2022
U0038,Vivaan Ghosh,18,Other,Bengaluru,3/29/2022
U0039,Meera Gupta,21,Other,Ahmedabad,5/12/2022
U0040,Meera Kapoor,33,Male,Jaipur,6/25/2023
U0041,Sara Mukherjee,37,Male,Vadodara,2/13/2024
U0042,Muhammad Singh,33,Female,Kanpur,3/25/2023
U0043,Ira Roy,31,Male,Kolkata,8/19/2022
U0044,Aditya Nair,29,Male,Patna,7/22/2023
U0045,Sai Chopra,20,Male,Mumbai,3/14/2022
U0046,Vivaan Ghosh,26,Male,Delhi,5/30/2024
U0047,Anaya Gupta,28,Other,Kolkata,10/13/2022
U0048,Meera Das,40,Other,Ahmedabad,1/11/2024
U0049,Saanvi Chopra,34,Female,Kolkata,3/14/2024
U0050,Meera Mukherjee,18,Male,Hyderabad,4/10/2022
U0051,Kiara Mehta,34,Female,Indore,4/24/2023
U0052,Vivaan Patel,28,Male,Nagpur,1/16/2024
U0053,Anaya Patel,26,Male,Chennai,7/14/2022
U0054,Aarohi Roy,36,Male,Indore,7/7/2022
U0055,Ishaan Roy,40,Male,Bengaluru,3/30/2023
U0056,Aarohi Patel,39,Male,Vadodara,5/6/2024
U0057,Aarav Gupta,25,Male,Pune,2/21/2023
U0058,Meera Joshi,29,Male,Nagpur,7/13/2024
U0059,Vivaan Iyer,34,Female,Mumbai,2/4/2023
U0060,Ishaan Roy,39,Female,Indore,12/15/2023
U0061,Aarohi Joshi,28,Male,Chennai,10/31/2022
U0062,Muhammad Verma,30,Other,Vadodara,3/4/2022
U0063,Anaya Verma,23,Male,Patna,5/4/2023
U0064,Ira Amin,22,Male,Delhi,9/10/2024
U0065,Ira Gupta,38,Male,Bengaluru,9/2/2023
U0066,Aditya Ghosh,42,Female,Hyderabad,8/22/2024
U0067,Saanvi Ghosh,31,Other,Ghaziabad,2/10/2022
U0068,Sara Gupta,40,Female,Patna,8/2/2023
U0069,Ira Nair,34,Female,Chennai,11/17/2023
U0070,Anaya Ghosh,26,Female,Nagpur,5/15/2022
U0071,Kabir Roy,34,Female,Bengaluru,1/10/2022
U0072,Myra Kulkarni,44,Other,Hyderabad,3/17/2022
U0073,Aarohi Das,31,Other,Jaipur,5/16/2022
U0074,Diya Gupta,44,Male,Kanpur,10/19/2022
U0075,Reyansh Roy,18,Other,Surat,9/19/2023
U0076,Ira Sharma,38,Other,Vadodara,11/3/2022
U0077,Vihaan Reddy,32,Female,Hyderabad,6/30/2024
U0078,Vihaan Kapoor,29,Male,Jaipur,10/16/2022
U0079,Sara Das,32,Other,Lucknow,7/28/2022
U0080,Ishaan Amin,18,Female,Jaipur,7/16/2024
U0081,Vivaan Gupta,30,Other,Indore,4/29/2024
U0082,Ishaan Verma,34,Male,Lucknow,2/29/2024
U0083,Arjun Khan,43,Male,Thane,7/19/2023
U0084,Kiara Kapoor,27,Male,Hyderabad,3/19/2022
U0085,Arjun Kapoor,25,Male,Kanpur,8/20/2023
U0086,Aarohi Reddy,27,Female,Ahmedabad,2/12/2022
U0087,Kabir Mehta,39,Male,Kanpur,8/4/2022
U0088,Sai Patel,34,Female,Vadodara,6/24/2024
U0089,Kiara Kulkarni,27,Other,Ahmedabad,8/5/2024
U0090,Sai Iyer,36,Male,Indore,1/26/2022
U0091,Reyansh Nair,32,Female,Kolkata,10/1/2022
U0092,Reyansh Patel,39,Female,Delhi,5/29/2024
U0093,Meera Ghosh,26,Male,Thane,12/25/2022
U0094,Kabir Ghosh,29,Male,Mumbai,11/7/2023
U0095,Muhammad Bose,28,Female,Jaipur,6/4/2024
U0096,Aditya Khan,20,Female,Visakhapatnam,2/14/2023
U0097,Aarohi Nair,34,Male,Hyderabad,6/17/2024
U0098,Ishaan Iyer,34,Other,Jaipur,2/9/2022
U0099,Vihaan Kulkarni,32,Female,Kanpur,1/17/2024
U0100,Anaya Mukherjee,30,Other,Visakhapatnam,4/29/2022
U0101,Aadhya Chopra,20,Male,Jaipur,2/15/2022
U0102,Kiara Sharma,28,Other,Vadodara,12/5/2023
U0103,Muhammad Mehta,29,Female,Bengaluru,8/29/2024
U0104,Anaya Kulkarni,25,Female,Hyderabad,1/8/2024
U0105,Kabir Amin,30,Female,Indore,12/1/2022
U0106,Aadhya Singh,35,Other,Ahmedabad,7/16/2022
U0107,Kiara Bose,47,Other,Pune,9/23/2023
U0108,Saanvi Singh,33,Female,Vadodara,5/3/2024
U0109,Aarav Singh,34,Female,Chennai,3/17/2023
U0110,Saanvi Kulkarni,31,Other,Lucknow,4/22/2023
U0111,Myra Roy,18,Other,Chennai,6/8/2023
U0112,Meera Iyer,31,Other,Bengaluru,10/18/2022
U0113,Ira Kulkarni,32,Female,Bengaluru,4/18/2024
U0114,Sai Singh,51,Male,Chennai,5/31/2022
U0115,Aarav Verma,30,Male,Bhopal,9/18/2023
U0116,Aditya Roy,34,Female,Patna,7/19/2022
U0117,Aadhya Joshi,31,Female,Kolkata,6/1/2022
U0118,Aarav Patel,22,Female,Kolkata,6/30/2022
U0119,Ira Roy,41,Male,Vadodara,9/13/2022
U0120,Vihaan Roy,38,Male,Thane,11/15/2023
U0121,Ira Kapoor,38,Other,Lucknow,8/30/2024
U0122,Myra Kulkarni,24,Other,Visakhapatnam,3/13/2023
U0123,Aarohi Roy,43,Male,Bhopal,4/6/2023
U0124,Ishaan Ghosh,20,Other,Jaipur,2/24/2024
U0125,Ira Joshi,36,Other,Kolkata,10/9/2022
U0126,Myra Gupta,49,Other,Surat,8/29/2022
U0127,Ishaan Nair,24,Female,Vadodara,3/24/2022
U0128,Arjun Reddy,27,Male,Nagpur,12/12/2023
U0129,Arjun Das,32,Male,Indore,2/22/2023
U0130,Anaya Kapoor,27,Female,Indore,3/5/2022
U0131,Muhammad Mukherjee,19,Female,Patna,8/26/2024
U0132,Aarav Chopra,32,Female,Bhopal,1/7/2022
U0133,Diya Singh,23,Female,Indore,7/6/2023
U0134,Aarohi Kulkarni,35,Male,Bhopal,8/13/2022
U0135,Ishaan Mukherjee,24,Female,Mumbai,2/3/2023
U0136,Anaya Bose,44,Other,Pune,5/10/2024
U0137,Myra Reddy,25,Other,Vadodara,1/28/2022
U0138,Aadhya Chopra,29,Other,Mumbai,3/27/2022
U0139,Kiara Reddy,38,Female,Pune,2/21/2022
U0140,Ishaan Bose,22,Female,Chennai,4/11/2023
U0141,Anaya Nair,33,Female,Jaipur,2/10/2024
U0142,Kiara Khan,42,Male,Bhopal,1/20/2022
U0143,Aarohi Verma,19,Female,Kolkata,10/28/2023
U0144,Aditya Verma,33,Male,Kolkata,7/24/2022
U0145,Aarav Kulkarni,34,Male,Kolkata,5/10/2022
U0146,Meera Patel,38,Other,Chennai,4/22/2023
U0147,Ishaan Mehta,22,Male,Ghaziabad,9/14/2023
U0148,Vihaan Iyer,21,Female,Hyderabad,8/16/2023
U0149,Aarav Singh,36,Other,Nagpur,2/11/2023
U0150,Muhammad Gupta,34,Other,Kolkata,4/15/2022
U0151,Kabir Kulkarni,34,Male,Patna,3/12/2024
U0152,Vivaan Mehta,34,Other,Indore,11/9/2023
U0153,Diya Gupta,26,Other,Lucknow,1/13/2022
U0154,Kiara Joshi,33,Male,Indore,9/10/2024
U0155,Diya Roy,34,Other,Ahmedabad,3/22/2023
U0156,Reyansh Amin,26,Other,Jaipur,9/23/2023
U0157,Aarohi Joshi,46,Female,Indore,4/25/2024
U0158,Saanvi Khan,35,Female,Kolkata,4/30/2024
U0159,Aditya Khan,22,Female,Kolkata,2/8/2024
U0160,Myra Chopra,37,Other,Nagpur,12/11/2022
U0161,Aarav Joshi,24,Female,Pune,5/15/2023
U0162,Muhammad Mehta,38,Female,Lucknow,10/14/2022
U0163,Sara Khan,41,Other,Mumbai,6/14/2023
U0164,Muhammad Gupta,25,Male,Indore,5/16/2023
U0165,Aarohi Ghosh,39,Other,Bhopal,10/24/2023
U0166,Meera Roy,35,Male,Bengaluru,10/29/2022
U0167,Sai Bose,38,Other,Kolkata,11/10/2022
U0168,Saanvi Mehta,47,Female,Vadodara,6/28/2023
U0169,Diya Mukherjee,30,Other,Vadodara,12/5/2022
U0170,Diya Roy,25,Female,Surat,9/15/2022
U0171,Sai Patel,24,Other,Chennai,11/20/2022
U0172,Vihaan Kapoor,25,Other,Pune,7/16/2022
U0173,Muhammad Joshi,31,Female,Patna,9/27/2024
U0174,Ira Kulkarni,34,Female,Hyderabad,5/2/2024
U0175,Muhammad Singh,34,Male,Kanpur,7/3/2022
U0176,Kabir Sharma,38,Other,Vadodara,5/10/2022
U0177,Ishaan Verma,32,Male,Vadodara,10/27/2022
U0178,Arjun Joshi,43,Male,Mumbai,8/11/2023
U0179,Kabir Joshi,29,Female,Thane,12/15/2022
U0180,Reyansh Verma,53,Female,Bhopal,4/27/2022
U0181,Aditya Bose,37,Female,Bengaluru,8/14/2023
U0182,Vivaan Reddy,25,Male,Patna,8/29/2024
U0183,Kabir Gupta,23,Male,Hyderabad,7/26/2023
U0184,Kiara Kulkarni,35,Other,Ghaziabad,8/20/2022
U0185,Ira Bose,30,Female,Thane,11/1/2022
U0186,Saanvi Mukherjee,37,Female,Patna,9/28/2023
U0187,Vivaan Kulkarni,35,Other,Hyderabad,8/28/2024
U0188,Muhammad Das,31,Female,Bengaluru,6/10/2022
U0189,Sai Iyer,25,Other,Bengaluru,6/10/2022
U0190,Aarav Mukherjee,19,Female,Ghaziabad,4/27/2023
U0191,Kabir Verma,28,Male,Surat,12/25/2023
U0192,Kabir Roy,38,Male,Kolkata,8/4/2024
U0193,Ishaan Chopra,33,Other,Chennai,3/12/2023
U0194,Vihaan Kapoor,22,Male,Ahmedabad,7/19/2024
U0195,Ishaan Reddy,33,Male,Delhi,6/19/2022
U0196,Kabir Kulkarni,35,Other,Patna,8/1/2024
U0197,Kabir Roy,24,Male,Thane,12/7/2023
U0198,Kabir Bose,33,Female,Visakhapatnam,7/7/2023
U0199,Meera Roy,32,Male,Ghaziabad,2/10/2022
U0200,Kiara Nair,22,Other,Jaipur,1/27/2022
U0201,Riya Patel,26,Female,Ahmedabad,1/15/2024
U0202,Karan Mehta,31,Male,Surat,11/21/2023
U0203,Neha Shah,28,Female,Rajkot,3/10/2024
U0204,Dev Joshi,35,Male,Vadodara,12/18/2022
U0205,Anaya Desai,24,Female,Bhavnagar,6/9/2024
U0206,Yash Trivedi,40,Male,Ahmedabad,8/14/2023
U0207,Krisha Patel,22,Female,Junagadh,1/2/2025
U0208,Harsh Vyas,29,Male,Gandhinagar,4/28/2024
U0209,Diya Modi,33,Female,Surat,7/19/2023
U0210,Rohan Parmar,27,Male,Rajkot,2/11/2025
U0211,Aanya Shah,30,Female,Ahmedabad,9/22/2024
U0212,Meet Chauhan,36,Male,Vadodara,10/30/2022
U0213,Priya Bhatt,25,Female,Bhuj,3/17/2025
U0214,Jay Patel,32,Male,Anand,5/13/2023
U0215,Isha Joshi,21,Female,Navsari,11/5/2024
U0216,Manav Shah,38,Male,Surendranagar,2/24/2023
U0217,Khushi Patel,23,Female,Ahmedabad,1/29/2025
U0218,Raj Solanki,41,Male,Porbandar,8/8/2022
U0219,Mahi Desai,27,Female,Surat,5/20/2024
U0220,Arjun Mehta,34,Male,Rajkot,9/1/2023
U0221,Aarav Patel,29,Male,Ahmedabad,2/18/2024
U0222,Kiara Shah,24,Female,Surat,10/11/2023
U0223,Vivaan Joshi,33,Male,Rajkot,12/7/2022
U0224,Myra Desai,27,Female,Vadodara,6/14/2024
U0225,Aditya Mehta,31,Male,Bhavnagar,9/29/2023
U0226,Saanvi Patel,22,Female,Jamnagar,1/21/2025
U0227,Reyansh Trivedi,35,Male,Ahmedabad,4/9/2024
U0228,Anika Shah,26,Female,Anand,7/16/2023
U0229,Dhruv Modi,38,Male,Surat,11/24/2022
U0230,Kavya Bhatt,25,Female,Navsari,8/5/2024
U0231,Parth Vyas,30,Male,Gandhinagar,2/12/2025
U0232,Riddhi Patel,21,Female,Rajkot,3/30/2024
U0233,Tanmay Joshi,37,Male,Porbandar,1/19/2023
U0234,Ira Mehta,28,Female,Bhuj,5/25/2024
U0235,Krish Solanki,34,Male,Ahmedabad,6/8/2023
U0236,Siya Desai,23,Female,Surendranagar,1/15/2025
U0237,Arnav Shah,32,Male,Vadodara,7/27/2024
U0238,Misha Patel,24,Female,Surat,12/3/2023
U0239,Yuvraj Chauhan,39,Male,Junagadh,9/18/2022
U0240,Aadhya Modi,27,Female,Ahmedabad,10/10/2024
U0241,Rudra Patel,36,Male,Rajkot,4/1/2023
U0242,Avni Shah,22,Female,Bhavnagar,3/9/2025
U0243,Devansh Joshi,31,Male,Anand,2/13/2024
U0244,Palak Mehta,29,Female,Navsari,8/22/2023
U0245,Aryan Desai,40,Male,Surat,10/5/2022
U0246,Nitya Patel,26,Female,Ahmedabad,6/18/2024
U0247,Harshil Vyas,33,Male,Gandhinagar,11/14/2023
U0248,Jiya Bhatt,25,Female,Rajkot,1/31/2025
U0249,Manan Shah,35,Male,Vadodara,9/7/2024
U0250,Aashi Modi,23,Female,Bhuj,5/20/2023
U0251,Ved Patel,28,Male,Ahmedabad,3/12/2024
U0252,Aarohi Shah,24,Female,Surat,11/18/2023
U0253,Nirav Joshi,36,Male,Rajkot,8/27/2022
U0254,Twinkle Desai,27,Female,Vadodara,7/4/2024
U0255,Rohan Mehta,32,Male,Bhavnagar,9/15/2023
U0256,Simran Patel,22,Female,Jamnagar,2/3/2025
U0257,Mitesh Trivedi,39,Male,Ahmedabad,5/28/2024
U0258,Pooja Shah,25,Female,Anand,6/11/2023
U0259,Chirag Modi,34,Male,Surat,12/21/2022
U0260,Nidhi Bhatt,29,Female,Navsari,10/2/2024
U0261,Om Vyas,31,Male,Gandhinagar,1/19/2025
U0262,Heena Patel,23,Female,Rajkot,4/7/2024
U0263,Kunal Joshi,38,Male,Porbandar,2/16/2023
U0264,Rutvi Mehta,26,Female,Bhuj,8/30/2024
U0265,Sahil Solanki,35,Male,Ahmedabad,7/25/2023
U0266,Divya Desai,21,Female,Surendranagar,3/1/2025
U0267,Pratik Shah,33,Male,Vadodara,9/14/2024
U0268,Jhanvi Patel,24,Female,Surat,10/9/2023
U0269,Rajdeep Chauhan,40,Male,Junagadh,11/13/2022
U0270,Komal Modi,27,Female,Ahmedabad,12/5/2024
U0271,Deep Patel,37,Male,Rajkot,3/20/2023
U0272,Nancy Shah,22,Female,Bhavnagar,1/11/2025
U0273,Aniket Joshi,30,Male,Anand,6/22/2024
U0274,Riya Mehta,28,Female,Navsari,8/1/2023
U0275,Vatsal Desai,41,Male,Surat,9/29/2022
U0276,Mitali Patel,25,Female,Ahmedabad,7/18/2024
U0277,Himanshu Vyas,34,Male,Gandhinagar,12/12/2023
U0278,Yashvi Bhatt,23,Female,Rajkot,2/8/2025
U0279,Tushar Shah,36,Male,Vadodara,5/1/2024
U0280,Sneha Modi,24,Female,Bhuj,4/17/2023
U0281,Jaymin Patel,29,Male,Ahmedabad,1/26/2024
U0282,Ishita Shah,21,Female,Surat,9/6/2023
U0283,Akash Joshi,35,Male,Rajkot,10/14/2022
U0284,Sonal Desai,27,Female,Vadodara,8/19/2024
U0285,Hardik Mehta,32,Male,Bhavnagar,5/24/2023
U0286,Krupa Patel,23,Female,Jamnagar,3/15/2025
U0287,Mayur Trivedi,38,Male,Ahmedabad,6/3/2024
U0288,Falguni Shah,26,Female,Anand,11/27/2023
U0289,Tejas Modi,33,Male,Surat,12/30/2022
U0290,Bhakti Bhatt,24,Female,Navsari,9/9/2024
